"1","87291928","寒山居蔬食","4","404台中市北區永興街88號","0917-622-080","service1@service.com.tw","11:00","13:30","16:30","20:30","6,7","3","https://www.ubereats.com/tw/store/%E5%AF%92%E5%B1%B1%E5%B1%85%E8%94%AC%E9%A3%9F-%E7%B8%BD%E5%BA%97/_uCl1EspQF6KwzmD1Q_dYQ?diningMode=DELIVERY&pl=JTdCJTIyYWRkcmVzcyUyMiUzQSUyMiVFOCU4NyVCQSVFNCVCOCVBRCVFNSU4NSVBQyVFNSU5QyU5MiUyMiUyQyUyMnJlZmVyZW5jZSUyMiUzQSUyMkNoSUo1U1FXbTJzOWFUUVJPOUNSeVBCWFRoQSUyMiUyQyUyMnJlZmVyZW5jZVR5cGUlMjIlM0ElMjJnb29nbGVfcGxhY2VzJTIyJTJDJTIybGF0aXR1ZGUlMjIlM0EyNC4xNDQ4MTg1JTJDJTIybG9uZ2l0dWRlJTIyJTNBMTIwLjY4NDQ3NjIlN0Q%3D&ps=1",NULL,"0","0","0","0","0","0",NULL,NULL,"20230419055048"
"2","87291929","不要對我尖叫-一中旗艦店","4","台中市北區一中街175號","04-2225-6849","service2@service.com.tw","11:00","22:30",NULL,NULL,NULL,"12",NULL,"https://www.foodpanda.com.tw/restaurant/y8ix/bu-yao-dui-wo-jian-jiao-tai-zhong-zhong-dian?utm_source=google&utm_medium=organic&utm_campaign=google_reserve_place_order_action","0","0","0","0","1","1",NULL,NULL,"20230419055048"
"3","87291930","喫茶小鋪(永興店)","4","台中市北區永興街107號","04-2238-5533","service3@service.com.tw","10:00","23:00",NULL,NULL,NULL,"12",NULL,"https://www.foodpanda.com.tw/restaurant/b7mu/chi-cha-xiao-pu-tai-zhong-yong-xing-dian?utm_source=google&utm_medium=organic&utm_campaign=google_reserve_place_order_action","0","0","0","0","1","1",NULL,NULL,"20230419055048"
"4","87291931","偈亭-泡菜鍋【雙十總店】","4","台中市北區雙十路一段117號","04-2226-5252","service4@service.com.tw","11:30","22:00",NULL,NULL,NULL,"11","https://www.ubereats.com/tw/store/%E5%81%88%E4%BA%AD%E6%B3%A1%E8%8F%9C%E9%8D%8B-%E9%9B%99%E5%8D%81%E7%B8%BD%E5%BA%97/ts_wC8W6SVaoSyjYrH8K_A?diningMode=DELIVERY&mod=storeDeliveryTime&modctx=%257B%2522entryPoint%2522%253A%2522store-auto-surface%2522%252C%2522encodedStoreUuid%2522%253A%2522ts_wC8W6SVaoSyjYrH8K_A%2522%257D&pl=JTdCJTIyYWRkcmVzcyUyMiUzQSUyMiVFNSVCRSVBOSVFOCU4OCU4OCVFOCVCNyVBRiVFNSU5QiU5QiVFNiVBRSVCNTE4NiVFOCU5OSU5RiUyMiUyQyUyMnJlZmVyZW5jZSUyMiUzQSUyMkNoSUo2YUZBNkJVOWFUUVJFTUlvUE5taFBqWSUyMiUyQyUyMnJlZmVyZW5jZVR5cGUlMjIlM0ElMjJnb29nbGVfcGxhY2VzJTIyJTJDJTIybGF0aXR1ZGUlMjIlM0EyNC4xMzU3NzI2JTJDJTIybG9uZ2l0dWRlJTIyJTNBMTIwLjY4Nzc0NzclN0Q%3D&ps=1&utm_campaign=place-action-link&utm_medium=organic&utm_source=google",NULL,"0","1","0","0","1","1",NULL,NULL,"20230419055048"
"5","87291932","好吃河粉","4","台中市北區太平路129號","0903-123-803","service5@service.com.tw","10:30","20:40",NULL,NULL,"1","2","https://www.ubereats.com/tw/store/%E5%A5%BD%E5%90%83%E6%B2%B3%E7%B2%89/ZF2dkG1iSfWXwBH873nFWQ?diningMode=DELIVERY&pl=JTdCJTIyYWRkcmVzcyUyMiUzQSUyMiVFOCU4NyVCQSVFNCVCOCVBRCVFNSU4NSVBQyVFNSU5QyU5MiUyMiUyQyUyMnJlZmVyZW5jZSUyMiUzQSUyMkNoSUo1U1FXbTJzOWFUUVJPOUNSeVBCWFRoQSUyMiUyQyUyMnJlZmVyZW5jZVR5cGUlMjIlM0ElMjJnb29nbGVfcGxhY2VzJTIyJTJDJTIybGF0aXR1ZGUlMjIlM0EyNC4xNDQ4MTg1JTJDJTIybG9uZ2l0dWRlJTIyJTNBMTIwLjY4NDQ3NjIlN0Q%3D",NULL,"0","0","1","0","1","1",NULL,NULL,"20230419055048"
"6","87291933","可不可熟成紅茶-大智店","1","台中市東區大智路11號","04-2222-1621","service6@service.com.tw","10:00","22:00",NULL,NULL,NULL,"12","https://www.ubereats.com/tw/store/%E5%8F%AF%E4%B8%8D%E5%8F%AF%E7%86%9F%E6%88%90%E7%B4%85%E8%8C%B6-%E5%8F%B0%E4%B8%AD%E6%9D%B1%E5%8D%80%E5%BA%97/bdKe6yjyStSJAJ7AnFqRIg?utm_campaign=place-action-link&utm_medium=organic&utm_source=google","https://www.foodpanda.com.tw/restaurant/zwi7/ke-bu-ke-shou-cheng-hong-cha-tai-zhong-da-zhi-dian?utm_source=google&utm_medium=organic&utm_campaign=google_reserve_place_order_action","0","0","0","0","1","1",NULL,NULL,"20230419055048"
"7","87291934","五桐號WooTEA台中大智店","1","台中市東區大智路1-2號","04-2222-3558","service7@service.com.tw","10:30","21:00",NULL,NULL,NULL,"12","https://www.ubereats.com/tw/store/%E4%BA%94%E6%A1%90%E8%99%9Fwootea-%E5%8F%B0%E4%B8%AD%E5%A4%A7%E6%99%BA%E5%BA%97/Vfyzp_fOVdq9BISRBGVrmw?diningMode=DELIVERY&pl=JTdCJTIyYWRkcmVzcyUyMiUzQSUyMiVFNSVCRSVBOSVFOCU4OCU4OCVFOCVCNyVBRiVFNSU5QiU5QiVFNiVBRSVCNTE4NiVFOCU5OSU5RiUyMiUyQyUyMnJlZmVyZW5jZSUyMiUzQSUyMkNoSUo2YUZBNkJVOWFUUVJFTUlvUE5taFBqWSUyMiUyQyUyMnJlZmVyZW5jZVR5cGUlMjIlM0ElMjJnb29nbGVfcGxhY2VzJTIyJTJDJTIybGF0aXR1ZGUlMjIlM0EyNC4xMzU3NzI2JTJDJTIybG9uZ2l0dWRlJTIyJTNBMTIwLjY4Nzc0NzclN0Q%3D&utm_campaign=place-action-link&utm_medium=organic&utm_source=google","https://www.foodpanda.com.tw/restaurant/l45w/wu-tong-hao-wootea-tai-zhong-da-zhi-dian?utm_source=google&utm_medium=organic&utm_campaign=google_reserve_place_order_action","0","0","0","0","0","0",NULL,NULL,"20230419055048"
"8","87291935","藍象廷泰式火鍋 台中新時代店","1","台中市東區復興路四段186號11樓","04-2222-5859","service8@service.com.tw","11:00","21:30",NULL,NULL,NULL,"11",NULL,NULL,"1","1","0","0","0","0",NULL,NULL,"20230419055048"
"9","87291936","JOBA 揪霸食堂","1","台中市東區復興路四段110號","04-2222-1208","service9@service.com.tw","11:00","14:00","16:30","19:30","1,3","4","https://www.ubereats.com/tw/store/%E6%8F%AA%E9%9C%B8%E9%A3%9F%E5%A0%82/S0mVwd7DQJmFcm1JV3-eFQ?diningMode=DELIVERY&pl=JTdCJTIyYWRkcmVzcyUyMiUzQSUyMiVFOCU4NyVCQSVFNCVCOCVBRCVFNSU4NSVBQyVFNSU5QyU5MiUyMiUyQyUyMnJlZmVyZW5jZSUyMiUzQSUyMkNoSUo1U1FXbTJzOWFUUVJPOUNSeVBCWFRoQSUyMiUyQyUyMnJlZmVyZW5jZVR5cGUlMjIlM0ElMjJnb29nbGVfcGxhY2VzJTIyJTJDJTIybGF0aXR1ZGUlMjIlM0EyNC4xNDQ4MTg1JTJDJTIybG9uZ2l0dWRlJTIyJTNBMTIwLjY4NDQ3NjIlN0Q%3D&utm_campaign=place-action-link&utm_medium=organic&utm_source=google","https://www.foodpanda.com.tw/restaurant/z2el/jiu-ba-shi-tang?utm_source=google&utm_medium=organic&utm_campaign=google_reserve_place_order_action","0","0","1","0","0","0",NULL,NULL,"20230419055048"
"10","87291937","蔬壽司","2","台中市西區模範街8巷5號","04-2301-5675","service1@service.com.tw","11:00","14:30","16:30","20:00","3,4","3","https://www.ubereats.com/tw/store/%E8%94%AC%E5%A3%BD%E5%8F%B8/VWMHjtJHQLOaxWe8E3SzlQ?diningMode=DELIVERY&mod=storeDeliveryTime&modctx=%257B%2522entryPoint%2522%253A%2522store-auto-surface%2522%252C%2522encodedStoreUuid%2522%253A%2522VWMHjtJHQLOaxWe8E3SzlQ%2522%257D&pl=JTdCJTIyYWRkcmVzcyUyMiUzQSUyMiVFOCU4NyVCQSVFNCVCOCVBRCVFNSU4NSVBQyVFNSU5QyU5MiUyMiUyQyUyMnJlZmVyZW5jZSUyMiUzQSUyMkNoSUo1U1FXbTJzOWFUUVJPOUNSeVBCWFRoQSUyMiUyQyUyMnJlZmVyZW5jZVR5cGUlMjIlM0ElMjJnb29nbGVfcGxhY2VzJTIyJTJDJTIybGF0aXR1ZGUlMjIlM0EyNC4xNDQ4MTg1JTJDJTIybG9uZ2l0dWRlJTIyJTNBMTIwLjY4NDQ3NjIlN0Q%3D&ps=1&utm_campaign=place-action-link&utm_medium=organic&utm_source=google","https://www.foodpanda.com.tw/restaurant/y0sn/shu-shou-si?utm_source=google&utm_medium=organic&utm_campaign=google_reserve_place_order_action","0","0","0","0","0","0",NULL,NULL,"20230419055048"
"11","87291938","一沐日 台中美村店","2","台中市西區美村路一段163號","04-2322-1313","service2@service.com.tw","11:00","22:00",NULL,NULL,NULL,"12","https://www.ubereats.com/tw/store/%E4%B8%80%E6%B2%90%E6%97%A5%E5%8F%B0%E4%B8%AD%E7%BE%8E%E6%9D%91%E5%BA%97/fVDp1hNqRbKnPhmU4x0iZQ?diningMode=DELIVERY&pl=JTdCJTIyYWRkcmVzcyUyMiUzQSUyMiVFNSVCRSVBOSVFOCU4OCU4OCVFOCVCNyVBRiVFNSU5QiU5QiVFNiVBRSVCNTE4NiVFOCU5OSU5RiUyMiUyQyUyMnJlZmVyZW5jZSUyMiUzQSUyMkNoSUo2YUZBNkJVOWFUUVJFTUlvUE5taFBqWSUyMiUyQyUyMnJlZmVyZW5jZVR5cGUlMjIlM0ElMjJnb29nbGVfcGxhY2VzJTIyJTJDJTIybGF0aXR1ZGUlMjIlM0EyNC4xMzU3NzI2JTJDJTIybG9uZ2l0dWRlJTIyJTNBMTIwLjY4Nzc0NzclN0Q%3D&utm_campaign=place-action-link&utm_medium=organic&utm_source=google",NULL,"0","0","0","0","0","0",NULL,NULL,"20230419055048"
"12","87291939","茶明載波","2","台中市西區美村路一段143號","04-2321-7772","service3@service.com.tw","10:30","21:00",NULL,NULL,NULL,"12","https://www.ubereats.com/tw/store/%E8%8C%B6%E6%98%8E%E8%BC%89%E6%B3%A2/zslay9kGRbmC5UQoELCMJg?diningMode=DELIVERY&pl=JTdCJTIyYWRkcmVzcyUyMiUzQSUyMiVFNSVCRSVBOSVFOCU4OCU4OCVFOCVCNyVBRiVFNSU5QiU5QiVFNiVBRSVCNTE4NiVFOCU5OSU5RiUyMiUyQyUyMnJlZmVyZW5jZSUyMiUzQSUyMkNoSUo2YUZBNkJVOWFUUVJFTUlvUE5taFBqWSUyMiUyQyUyMnJlZmVyZW5jZVR5cGUlMjIlM0ElMjJnb29nbGVfcGxhY2VzJTIyJTJDJTIybGF0aXR1ZGUlMjIlM0EyNC4xMzU3NzI2JTJDJTIybG9uZ2l0dWRlJTIyJTNBMTIwLjY4Nzc0NzclN0Q%3D&utm_campaign=place-action-link&utm_medium=organic&utm_source=google",NULL,"0","0","0","0","1","1",NULL,NULL,"20230419055048"
"13","87291940","老四川巴蜀麻辣燙 台中公益店","2","台中市西區公益路343號","04-2319-8789","service4@service.com.tw","11:30","07:00",NULL,NULL,NULL,"11","https://www.ubereats.com/tw/store/%E8%80%81%E5%9B%9B%E5%B7%9D-%E5%85%AC%E7%9B%8A%E5%BA%97/4qIoacXjSKSEhiXOLx6euw?diningMode=DELIVERY&mod=storeInfo&modctx=%257B%2522storeSlug%2522%253A%2522%2525E8%252580%252581%2525E5%25259B%25259B%2525E5%2525B7%25259D-%2525E5%252585%2525AC%2525E7%25259B%25258A%2525E5%2525BA%252597%2522%252C%2522storeUuid%2522%253A%2522e2a22869-c5e3-48a4-8486-25ce2f1e9ebb%2522%252C%2522sectionUuid%2522%253A%2522%2522%257D&ps=1","https://www.foodpanda.com.tw/restaurant/d2js/lao-si-chuan-ba-shu-ma-la-tang-gong-yi-dian?utm_source=google&utm_medium=organic&utm_campaign=google_reserve_place_order_action","0","1","0","1","1","1",NULL,NULL,"20230419055048"
"14","87291941","添好運 (台中勤美店)","2","403台中市西區公益路68號","04-2329-2278","service5@service.com.tw","11:00","21:30",NULL,NULL,NULL,"2",NULL,"https://www.foodpanda.com.tw/restaurant/wsc9/tian-hao-yun-tai-zhong-qin-mei-dian","1","1","0","1","1","1",NULL,NULL,"20230419055048"
"15","87291942","麻古茶坊美村南店","3","台中市南區美村南路92號","04-2260-8138","service6@service.com.tw","09:00","22:00",NULL,NULL,NULL,"12","https://www.ubereats.com/tw/store/%E9%BA%BB%E5%8F%A4%E8%8C%B6%E5%9D%8Amacu-tea-%E7%BE%8E%E6%9D%91%E5%8D%97%E8%B7%AF%E5%BA%97/tpnF1vzTS1eJROZyqmSUzw?diningMode=DELIVERY&pl=JTdCJTIyYWRkcmVzcyUyMiUzQSUyMiVFNSVCRSVBOSVFOCU4OCU4OCVFOCVCNyVBRiVFNSU5QiU5QiVFNiVBRSVCNTE4NiVFOCU5OSU5RiUyMiUyQyUyMnJlZmVyZW5jZSUyMiUzQSUyMkNoSUo2YUZBNkJVOWFUUVJFTUlvUE5taFBqWSUyMiUyQyUyMnJlZmVyZW5jZVR5cGUlMjIlM0ElMjJnb29nbGVfcGxhY2VzJTIyJTJDJTIybGF0aXR1ZGUlMjIlM0EyNC4xMzU3NzI2JTJDJTIybG9uZ2l0dWRlJTIyJTNBMTIwLjY4Nzc0NzclN0Q%3D&utm_campaign=place-action-link&utm_medium=organic&utm_source=google",NULL,"0","0","0","0","1","1",NULL,NULL,"20230419055048"
"16","87291943","無飲台中德富店","3","台中市南區德富路82號","04-2452-2177","service7@service.com.tw","09:00","20:00",NULL,NULL,NULL,"12",NULL,"https://www.foodpanda.com.tw/restaurant/n31g/wu-yin-tai-zhong-de-fu-dian-n31g?utm_source=google&utm_medium=organic&utm_campaign=google_reserve_place_order_action","0","0","0","0","1","1",NULL,NULL,"20230419055048"
"17","87291944","惹鍋 台中復興店","3","台中市南區復興路一段337號","04-2263-6633","service8@service.com.tw","11:00","14:30","16:30","04:00",NULL,"11","https://www.ubereats.com/tw/store/%E6%83%B9%E9%8D%8B-%E5%BE%A9%E8%88%88%E5%BA%97/896W_j5qQNmMChYSTsuFnQ?diningMode=DELIVERY&pl=JTdCJTIyYWRkcmVzcyUyMiUzQSUyMiVFNSVCRSVBOSVFOCU4OCU4OCVFOCVCNyVBRiVFNSU5QiU5QiVFNiVBRSVCNTE4NiVFOCU5OSU5RiUyMiUyQyUyMnJlZmVyZW5jZSUyMiUzQSUyMkNoSUo2YUZBNkJVOWFUUVJFTUlvUE5taFBqWSUyMiUyQyUyMnJlZmVyZW5jZVR5cGUlMjIlM0ElMjJnb29nbGVfcGxhY2VzJTIyJTJDJTIybGF0aXR1ZGUlMjIlM0EyNC4xMzU3NzI2JTJDJTIybG9uZ2l0dWRlJTIyJTNBMTIwLjY4Nzc0NzclN0Q%3D&utm_campaign=place-action-link&utm_medium=organic&utm_source=google","https://www.foodpanda.com.tw/restaurant/egqa/re-guo-tai-zhong-fu-xing-dian-egqa?utm_source=google&utm_medium=organic&utm_campaign=google_reserve_place_order_action","0","1","0","1","1","1",NULL,NULL,"20230419055048"
"18","87291945","清一色牛肉麵 興大店","3","台中市南區學府路62號","04-2285-9677","service9@service.com.tw","11:00","21:30",NULL,NULL,NULL,"4","https://www.ubereats.com/tw/store/%E6%B8%85%E4%B8%80%E8%89%B2%E7%89%9B%E8%82%89%E9%BA%B5/oT7Q0oaHT0iYDhY2Y-12Vw?diningMode=DELIVERY&pl=JTdCJTIyYWRkcmVzcyUyMiUzQSUyMiVFOCU4NyVCQSVFNCVCOCVBRCVFNSU4NSVBQyVFNSU5QyU5MiUyMiUyQyUyMnJlZmVyZW5jZSUyMiUzQSUyMkNoSUo1U1FXbTJzOWFUUVJPOUNSeVBCWFRoQSUyMiUyQyUyMnJlZmVyZW5jZVR5cGUlMjIlM0ElMjJnb29nbGVfcGxhY2VzJTIyJTJDJTIybGF0aXR1ZGUlMjIlM0EyNC4xNDQ4MTg1JTJDJTIybG9uZ2l0dWRlJTIyJTNBMTIwLjY4NDQ3NjIlN0Q%3D&utm_campaign=place-action-link&utm_medium=organic&utm_source=google","https://www.foodpanda.com.tw/restaurant/y1bx/qing-se-niu-rou-mian-xing-da-dian?utm_source=google&utm_medium=organic&utm_campaign=google_reserve_place_order_action","1","0","1","0","1","1",NULL,NULL,"20230419055048"
"19","87291946","裏享餐盒","3","台中市南區東興路一段32號","04-2261-8889","service1@service.com.tw","11:00","14:00","16:40","19:30",NULL,"5","https://www.ubereats.com/tw/store/%E8%A3%8F%E4%BA%AB%E9%A4%90%E7%9B%92/YmAsGV5qXhWV9hyeFqrlHg?diningMode=DELIVERY&pl=JTdCJTIyYWRkcmVzcyUyMiUzQSUyMiVFNSVBRiVCNiVFNSVCMSVCMSVFOCVCNyVBRjQyMiVFOCU5OSU5RiUyMiUyQyUyMnJlZmVyZW5jZSUyMiUzQSUyMkVqeE9ieTRnTkRJeUxDQkNZVzl6YUdGdUlGSmtMQ0JGWVhOMElFUnBjM1J5YVdOMExDQkljMmx1WTJoMUlFTnBkSGtzSUZSaGFYZGhiaUF6TURBaVVSSlBDalFLTWdrRDY3S29CelpvTkJGSEp3U1hvTWwyTGhvZUN4RHV3ZTZoQVJvVUNoSUp3Nmk0ZEs4MWFEUVJDUnBJSmpSR1cta01FS1lES2hRS0VnbnQ2NnZWNGpWb05CSHRQUTA0MklYNWlBJTIyJTJDJTIycmVmZXJlbmNlVHlwZSUyMiUzQSUyMmdvb2dsZV9wbGFjZXMlMjIlMkMlMjJsYXRpdHVkZSUyMiUzQTI0Ljc4NDc5ODglMkMlMjJsb25naXR1ZGUlMjIlM0ExMjAuOTg5OTY5NSU3RA%3D%3D&utm_campaign=place-action-link&utm_medium=organic&utm_source=google","https://www.foodpanda.com.tw/restaurant/b5aw/li-xiang-can-he?utm_source=google&utm_medium=organic&utm_campaign=google_reserve_place_order_action","0","0","0","0","1","1",NULL,NULL,"20230419055048"
"20","87291947","輕之茶-中華店","5","台中市中區中華路二段57號","04-2201-7985","service2@service.com.tw","11:00","23:00",NULL,NULL,NULL,"12","https://www.ubereats.com/tw/store/%E8%BC%95%E4%B9%8B%E8%8C%B6-%E4%B8%AD%E8%8F%AF%E7%B8%BD%E5%BA%97/tjksMXq4SpK_s61y4nDNqw?diningMode=DELIVERY&mod=storeDeliveryTime&modctx=%257B%2522entryPoint%2522%253A%2522store-auto-surface%2522%252C%2522encodedStoreUuid%2522%253A%2522tjksMXq4SpK_s61y4nDNqw%2522%257D&pl=JTdCJTIyYWRkcmVzcyUyMiUzQSUyMiVFNSVCRSVBOSVFOCU4OCU4OCVFOCVCNyVBRiVFNSU5QiU5QiVFNiVBRSVCNTE4NiVFOCU5OSU5RiUyMiUyQyUyMnJlZmVyZW5jZSUyMiUzQSUyMkNoSUo2YUZBNkJVOWFUUVJFTUlvUE5taFBqWSUyMiUyQyUyMnJlZmVyZW5jZVR5cGUlMjIlM0ElMjJnb29nbGVfcGxhY2VzJTIyJTJDJTIybGF0aXR1ZGUlMjIlM0EyNC4xMzU3NzI2JTJDJTIybG9uZ2l0dWRlJTIyJTNBMTIwLjY4Nzc0NzclN0Q%3D&ps=1&utm_campaign=place-action-link&utm_medium=organic&utm_source=google",NULL,"0","0","0","0","1","1",NULL,NULL,"20230419055048"
"21","87291948","CITY MILK 城市奶冰樂 台中中華店","5","台中市中區中華路一段64號","04-2222-0308","service3@service.com.tw","12:20","00:00",NULL,NULL,NULL,"12","https://www.ubereats.com/tw/store/city-milk-%E5%9F%8E%E5%B8%82%E5%A5%B6%E5%86%B0%E6%A8%82-%E5%8F%B0%E4%B8%AD%E4%B8%AD%E8%8F%AF%E5%BA%97/fFz5bnO8S4KHZ4q4Zul-hw?diningMode=DELIVERY&pl=JTdCJTIyYWRkcmVzcyUyMiUzQSUyMiVFNSVCRSVBOSVFOCU4OCU4OCVFOCVCNyVBRiVFNSU5QiU5QiVFNiVBRSVCNTE4NiVFOCU5OSU5RiUyMiUyQyUyMnJlZmVyZW5jZSUyMiUzQSUyMkNoSUo2YUZBNkJVOWFUUVJFTUlvUE5taFBqWSUyMiUyQyUyMnJlZmVyZW5jZVR5cGUlMjIlM0ElMjJnb29nbGVfcGxhY2VzJTIyJTJDJTIybGF0aXR1ZGUlMjIlM0EyNC4xMzU3NzI2JTJDJTIybG9uZ2l0dWRlJTIyJTNBMTIwLjY4Nzc0NzclN0Q%3D&ps=1&utm_campaign=place-action-link&utm_medium=organic&utm_source=google",NULL,"0","0","0","0","0","0",NULL,NULL,"20230419055048"
"22","87291949","築間幸福鍋物 台中一中店","5","台中市北區育才街3號2樓","04-2221-1199","service4@service.com.tw","11:00","04:00",NULL,NULL,NULL,"11","https://www.ubereats.com/tw/store/%E7%AF%89%E9%96%93%E5%B9%B8%E7%A6%8F%E9%8D%8B%E7%89%A9-%E5%8F%B0%E4%B8%AD%E4%B8%80%E4%B8%AD%E5%BA%97/0xgF_GcCQzq-vG36N7fDBA?diningMode=DELIVERY&pl=JTdCJTIyYWRkcmVzcyUyMiUzQSUyMiVFNSVCRSVBOSVFOCU4OCU4OCVFOCVCNyVBRiVFNSU5QiU5QiVFNiVBRSVCNTE4NiVFOCU5OSU5RiUyMiUyQyUyMnJlZmVyZW5jZSUyMiUzQSUyMkNoSUo2YUZBNkJVOWFUUVJFTUlvUE5taFBqWSUyMiUyQyUyMnJlZmVyZW5jZVR5cGUlMjIlM0ElMjJnb29nbGVfcGxhY2VzJTIyJTJDJTIybGF0aXR1ZGUlMjIlM0EyNC4xMzU3NzI2JTJDJTIybG9uZ2l0dWRlJTIyJTNBMTIwLjY4Nzc0NzclN0Q%3D&utm_campaign=place-action-link&utm_medium=organic&utm_source=google","https://www.foodpanda.com.tw/restaurant/woux/zhu-jian-xing-fu-guo-wu-tai-zhong-zhong-dian?utm_source=google&utm_medium=organic&utm_campaign=google_reserve_place_order_action","0","1","0","1","1","1",NULL,NULL,"20230419055048"
"23","87291950","Hello! Việt Nam越南你好河內美食","5","台中市中區成功路92號","04-2221-1595","service5@service.com.tw","10:30","20:30",NULL,NULL,NULL,"2",NULL,"https://www.foodpanda.com.tw/restaurant/f2vl/hello-viet-namyue-nan-ni-hao-he-nei-mei-shi","0","0","1","0","0","0",NULL,NULL,"20230419055048"
"24","87291951","茂川肉丸","5","台中市中區臺灣大道一段401號","04-2227-7477","service6@service.com.tw","11:00","19:00",NULL,NULL,"1","4","https://www.ubereats.com/tw/store/%E8%8C%82%E5%B7%9D%E8%82%89%E4%B8%B8/Odk7b1cXSo2B0P-lT9lt6g?utm_campaign=place-action-link&utm_medium=organic&utm_source=google",NULL,"0","0","1","0","0","0",NULL,NULL,"20230419055048"
"25","87291952","維吉堡","8","40652台中市北屯區北平路四段110號","04-2233-3961","service7@service.com.tw","11:00","14:00","17:00","20:00","1","3","https://www.ubereats.com/tw/store/%E7%B6%AD%E5%90%89%E5%A0%A1-veggie-burger%E8%94%AC%E9%A3%9F%E7%B4%A0%E9%A3%9F%E6%BC%A2%E5%A0%A1-%E5%8C%97%E5%B9%B3%E5%BA%97/lD-BbGEyQ_mLJ6M3J4j-tA?diningMode=DELIVERY&pl=JTdCJTIyYWRkcmVzcyUyMiUzQSUyMiVFOCU4NyVCQSVFNCVCOCVBRCVFNSU4NSVBQyVFNSU5QyU5MiUyMiUyQyUyMnJlZmVyZW5jZSUyMiUzQSUyMkNoSUo1U1FXbTJzOWFUUVJPOUNSeVBCWFRoQSUyMiUyQyUyMnJlZmVyZW5jZVR5cGUlMjIlM0ElMjJnb29nbGVfcGxhY2VzJTIyJTJDJTIybGF0aXR1ZGUlMjIlM0EyNC4xNDQ4MTg1JTJDJTIybG9uZ2l0dWRlJTIyJTNBMTIwLjY4NDQ3NjIlN0Q%3D",NULL,"0","0","1","0","0","0",NULL,NULL,"20230419055048"
"26","87291953","吳家紅茶冰大連店","8","台中市北屯區大連路一段39號","04-2298-8329","service8@service.com.tw","08:00","20:00",NULL,NULL,"7","12","https://www.ubereats.com/tw/store/%E5%90%B3%E5%AE%B6%E7%B4%85%E8%8C%B6%E5%86%B0-%E5%A4%A7%E9%80%A3%E5%BA%97/1Je4rGmPSgaXQtdv6ucUAA?diningMode=DELIVERY&pl=JTdCJTIyYWRkcmVzcyUyMiUzQSUyMiVFNSVCRSVBOSVFOCU4OCU4OCVFOCVCNyVBRiVFNSU5QiU5QiVFNiVBRSVCNTE4NiVFOCU5OSU5RiUyMiUyQyUyMnJlZmVyZW5jZSUyMiUzQSUyMkNoSUo2YUZBNkJVOWFUUVJFTUlvUE5taFBqWSUyMiUyQyUyMnJlZmVyZW5jZVR5cGUlMjIlM0ElMjJnb29nbGVfcGxhY2VzJTIyJTJDJTIybGF0aXR1ZGUlMjIlM0EyNC4xMzU3NzI2JTJDJTIybG9uZ2l0dWRlJTIyJTNBMTIwLjY4Nzc0NzclN0Q%3D&utm_campaign=place-action-link&utm_medium=organic&utm_source=google",NULL,"0","0","0","0","0","0",NULL,NULL,"20230419055048"
"27","87291954","上宇林北屯南興店","8","台中市北屯區南興二路277號1樓","04-2436-3840","service9@service.com.tw","10:00","19:00",NULL,NULL,NULL,"12",NULL,"https://www.foodpanda.com.tw/restaurant/ru3q/shang-yu-lin-tai-zhong-nan-xing-dian?utm_source=google&utm_medium=organic&utm_campaign=google_reserve_place_order_action","0","0","0","0","0","0",NULL,NULL,"20230419055048"
"28","87291955","三媽臭臭鍋(北屯店)","8","台中市北屯區太原路三段275號","04-2238-5107","service1@service.com.tw","16:00","23:00",NULL,NULL,NULL,"11",NULL,"https://www.foodpanda.com.tw/restaurant/iq43/san-ma-chou-chou-guo-tai-zhong-bei-tun-dian?utm_source=google&utm_medium=organic&utm_campaign=google_reserve_place_order_action","0","0","0","0","0","0",NULL,NULL,"20230419055048"
"29","87291956","刁民酸菜魚 (崇德店)","8","台中市北區漢口路四段395號","04-2238-7777","service2@service.com.tw","11:00","02:00",NULL,NULL,NULL,"4","https://www.ubereats.com/tw/store/%E5%88%81%E6%B0%91%E9%85%B8%E8%8F%9C%E9%AD%9A-%E5%B4%87%E5%BE%B7%E5%BA%97/jcObe0V6S6q6KYrFhkx5fw?diningMode=DELIVERY&pl=JTdCJTIyYWRkcmVzcyUyMiUzQSUyMiVFOCU4NyVCQSVFNCVCOCVBRCVFNSU4NSVBQyVFNSU5QyU5MiUyMiUyQyUyMnJlZmVyZW5jZSUyMiUzQSUyMkNoSUo1U1FXbTJzOWFUUVJPOUNSeVBCWFRoQSUyMiUyQyUyMnJlZmVyZW5jZVR5cGUlMjIlM0ElMjJnb29nbGVfcGxhY2VzJTIyJTJDJTIybGF0aXR1ZGUlMjIlM0EyNC4xNDQ4MTg1JTJDJTIybG9uZ2l0dWRlJTIyJTNBMTIwLjY4NDQ3NjIlN0Q%3D&utm_campaign=place-action-link&utm_medium=organic&utm_source=google",NULL,"0","0","0","1","1","1",NULL,NULL,"20230419055048"
"30","87291957","空也素麵食","6","407台中市西屯區朝富五街10號","04-2252-3722","service3@service.com.tw","11:00","21:00",NULL,NULL,NULL,"3","https://www.ubereats.com/tw/store/%E7%A9%BA%E4%B9%9F%E7%B4%A0%E9%BA%B5%E9%A3%9F/yDV1CYboR5aiOD_ns4lUUw?diningMode=DELIVERY&pl=JTdCJTIyYWRkcmVzcyUyMiUzQSUyMiVFOCU4NyVCQSVFNCVCOCVBRCVFNSU4NSVBQyVFNSU5QyU5MiUyMiUyQyUyMnJlZmVyZW5jZSUyMiUzQSUyMkNoSUo1U1FXbTJzOWFUUVJPOUNSeVBCWFRoQSUyMiUyQyUyMnJlZmVyZW5jZVR5cGUlMjIlM0ElMjJnb29nbGVfcGxhY2VzJTIyJTJDJTIybGF0aXR1ZGUlMjIlM0EyNC4xNDQ4MTg1JTJDJTIybG9uZ2l0dWRlJTIyJTNBMTIwLjY4NDQ3NjIlN0Q%3D",NULL,"0","1","0","0","1","1",NULL,NULL,"20230419055048"
"31","87291958","日日裝茶 西屯青海店","6","台中市西屯區青海路一段91號","04-2314-0008","service4@service.com.tw","10:00","21:00",NULL,NULL,"7","12",NULL,"https://www.foodpanda.com.tw/restaurant/tzns/ri-ri-zhuang-cha-xi-tun-qing-hai-dian?utm_source=google&utm_medium=organic&utm_campaign=google_reserve_place_order_action","0","0","0","0","0","0",NULL,NULL,"20230419055048"
"32","87291959","九龍城香港茶(精誠店)","6","台中市西屯區精明二街36號","04-2327-0626","service5@service.com.tw","11:30","21:00",NULL,NULL,"7","12","https://www.ubereats.com/tw/store/%E4%B9%9D%E9%BE%8D%E5%9F%8E%E9%A6%99%E6%B8%AF%E8%8C%B6-%E7%B2%BE%E8%AA%A0%E5%BA%97/gl9-PcB5Rr27VdJjv5xMaw?diningMode=DELIVERY&pl=JTdCJTIyYWRkcmVzcyUyMiUzQSUyMiVFNSVCRSVBOSVFOCU4OCU4OCVFOCVCNyVBRiVFNSU5QiU5QiVFNiVBRSVCNTE4NiVFOCU5OSU5RiUyMiUyQyUyMnJlZmVyZW5jZSUyMiUzQSUyMkNoSUo2YUZBNkJVOWFUUVJFTUlvUE5taFBqWSUyMiUyQyUyMnJlZmVyZW5jZVR5cGUlMjIlM0ElMjJnb29nbGVfcGxhY2VzJTIyJTJDJTIybGF0aXR1ZGUlMjIlM0EyNC4xMzU3NzI2JTJDJTIybG9uZ2l0dWRlJTIyJTNBMTIwLjY4Nzc0NzclN0Q%3D&ps=1&utm_campaign=place-action-link&utm_medium=organic&utm_source=google",NULL,"0","0","0","0","1","1",NULL,NULL,"20230419055048"
"33","87291960","敝姓鍋 - 台中旗艦店","6","台中市西屯區精明路21號","04-2329-2250","service6@service.com.tw","11:00","14:30","17:00","22:00",NULL,"11",NULL,"https://www.foodpanda.com.tw/restaurant/n9ev/bi-xing-guo-tai-zhong-qi-jian-dian?utm_source=google&utm_medium=organic&utm_campaign=google_reserve_place_order_action","0","1","0","1","0","0",NULL,NULL,"20230419055048"
"34","87291961","瘋佬墨 StellaLoca","6","407台中市西屯區至善路173號","04-2452-0105","service7@service.com.tw","11:00","14:30","17:00","20:30","1","2","https://www.ubereats.com/tw/store/%E7%98%8B%E4%BD%AC%E5%A2%A8stellaloca-%E9%80%A2%E7%94%B2%E5%BA%97/Fcx6uKZnQQWP86BRY556pg?diningMode=DELIVERY&pl=JTdCJTIyYWRkcmVzcyUyMiUzQSUyMiVFOCU4NyVCQSVFNCVCOCVBRCVFNSU4NSVBQyVFNSU5QyU5MiUyMiUyQyUyMnJlZmVyZW5jZSUyMiUzQSUyMkNoSUo1U1FXbTJzOWFUUVJPOUNSeVBCWFRoQSUyMiUyQyUyMnJlZmVyZW5jZVR5cGUlMjIlM0ElMjJnb29nbGVfcGxhY2VzJTIyJTJDJTIybGF0aXR1ZGUlMjIlM0EyNC4xNDQ4MTg1JTJDJTIybG9uZ2l0dWRlJTIyJTNBMTIwLjY4NDQ3NjIlN0Q%3D&utm_campaign=place-action-link&utm_medium=organic&utm_source=google","https://www.foodpanda.com.tw/restaurant/qbyu/feng-lao-mo-stellalocamo-xi-ge-liao-li-tai-zhong-feng-jia-dian?utm_source=google&utm_medium=organic&utm_campaign=google_reserve_place_order_action","0","0","1","0","1","1",NULL,NULL,"20230419055048"
"35","87291962","良食煮意有機鍋物黎明店","7","台中市南屯區黎明路一段918號","04-2389-9898","service8@service.com.tw","11:30","22:00",NULL,NULL,NULL,"11",NULL,NULL,"1","1","0","1","0","0",NULL,NULL,"20230419055048"
"36","87291963","熱浪島南洋蔬食茶堂","7","台中市南屯區向上路三段536號","04-2380-1133","service9@service.com.tw","11:00","20:30",NULL,NULL,NULL,"3","https://www.ubereats.com/tw/store/%E7%86%B1%E6%B5%AA%E5%B3%B6%E5%8D%97%E6%B4%8B%E8%94%AC%E9%A3%9F%E8%8C%B6%E5%A0%82-%E5%90%91%E4%B8%8A%E6%97%97%E8%89%A6%E5%BA%97/dzbyxx0aStWGEVfbi7C9-w?diningMode=DELIVERY&pl=JTdCJTIyYWRkcmVzcyUyMiUzQSUyMiVFOCU4NyVCQSVFNCVCOCVBRCVFNSU4NSVBQyVFNSU5QyU5MiUyMiUyQyUyMnJlZmVyZW5jZSUyMiUzQSUyMkNoSUo1U1FXbTJzOWFUUVJPOUNSeVBCWFRoQSUyMiUyQyUyMnJlZmVyZW5jZVR5cGUlMjIlM0ElMjJnb29nbGVfcGxhY2VzJTIyJTJDJTIybGF0aXR1ZGUlMjIlM0EyNC4xNDQ4MTg1JTJDJTIybG9uZ2l0dWRlJTIyJTNBMTIwLjY4NDQ3NjIlN0Q%3D",NULL,"0","1","1","1","1","1",NULL,NULL,"20230419055048"
"37","87291964","新井茶 忠勇店","7","台中市南屯區忠勇路115號","04-2380-0716","service1@service.com.tw","09:30","22:00",NULL,NULL,NULL,"12",NULL,"https://www.foodpanda.com.tw/restaurant/a9vf/xin-jing-cha-tai-zhong-zhong-yong-dian?utm_source=google&utm_medium=organic&utm_campaign=google_reserve_place_order_action","0","0","0","0","0","0",NULL,NULL,"20230419055048"
"38","87291965","50嵐 向上二店","7","台中市南屯區向上路二段472號","04-2380-3575","service2@service.com.tw","10:00","22:30",NULL,NULL,NULL,"12","https://www.ubereats.com/tw/store/50%E5%B5%90-%E5%90%91%E4%B8%8A%E4%BA%8C%E5%BA%97/18DKRbhNWiibci-gFeNRRg?diningMode=DELIVERY&pl=JTdCJTIyYWRkcmVzcyUyMiUzQSUyMiVFNSVCRSVBOSVFOCU4OCU4OCVFOCVCNyVBRiVFNSU5QiU5QiVFNiVBRSVCNTE4NiVFOCU5OSU5RiUyMiUyQyUyMnJlZmVyZW5jZSUyMiUzQSUyMkNoSUo2YUZBNkJVOWFUUVJFTUlvUE5taFBqWSUyMiUyQyUyMnJlZmVyZW5jZVR5cGUlMjIlM0ElMjJnb29nbGVfcGxhY2VzJTIyJTJDJTIybGF0aXR1ZGUlMjIlM0EyNC4xMzU3NzI2JTJDJTIybG9uZ2l0dWRlJTIyJTNBMTIwLjY4Nzc0NzclN0Q%3D&utm_campaign=place-action-link&utm_medium=organic&utm_source=google",NULL,"0","0","0","0","1","1",NULL,NULL,"20230419055048"
"39","87291966","hechino做茶菜","7","台中市南屯區大墩路632之1號","04-2326-5061","service3@service.com.tw","11:30","15:00","17:00","22:00",NULL,"4","https://www.ubereats.com/tw/store/hechino%E5%81%9A%E8%8C%B6%E8%8F%9C/Uidcy-Z0TgCLzGb3xhx3Nw?diningMode=DELIVERY&pl=JTdCJTIyYWRkcmVzcyUyMiUzQSUyMiVFOCU4NyVCQSVFNCVCOCVBRCVFNSU4NSVBQyVFNSU5QyU5MiUyMiUyQyUyMnJlZmVyZW5jZSUyMiUzQSUyMkNoSUo1U1FXbTJzOWFUUVJPOUNSeVBCWFRoQSUyMiUyQyUyMnJlZmVyZW5jZVR5cGUlMjIlM0ElMjJnb29nbGVfcGxhY2VzJTIyJTJDJTIybGF0aXR1ZGUlMjIlM0EyNC4xNDQ4MTg1JTJDJTIybG9uZ2l0dWRlJTIyJTNBMTIwLjY4NDQ3NjIlN0Q%3D&ps=1",NULL,"0","1","1","1","1","1",NULL,NULL,"20230419055048"
"40","87291967","小西藏","6","台中市西屯區慶和街2號","04-2452-2452","service4@service.com.tw","11:30","14:30","17:30","22:30","4","2","https://www.ubereats.com/tw/store/%E5%B0%8F%E8%A5%BF%E8%97%8F%E9%A4%A8-little-tibet-%E9%80%A2%E7%94%B2%E5%BF%85%E5%90%83%E7%BE%8E%E9%A3%9F/1bZz76WBU8qPxrpIfBAW6Q?diningMode=DELIVERY&pl=JTdCJTIyYWRkcmVzcyUyMiUzQSUyMiVFOCU4NyVCQSVFNCVCOCVBRCVFNSU4NSVBQyVFNSU5QyU5MiUyMiUyQyUyMnJlZmVyZW5jZSUyMiUzQSUyMkNoSUo1U1FXbTJzOWFUUVJPOUNSeVBCWFRoQSUyMiUyQyUyMnJlZmVyZW5jZVR5cGUlMjIlM0ElMjJnb29nbGVfcGxhY2VzJTIyJTJDJTIybGF0aXR1ZGUlMjIlM0EyNC4xNDQ4MTg1JTJDJTIybG9uZ2l0dWRlJTIyJTNBMTIwLjY4NDQ3NjIlN0Q%3D&utm_campaign=place-action-link&utm_medium=organic&utm_source=google","https://www.foodpanda.com.tw/restaurant/ze1b/xiao-xi-cang-guan?utm_source=google&utm_medium=organic&utm_campaign=google_reserve_place_order_action","0","0","0","0","1","1",NULL,NULL,"20230419055048"
"41","87291968","陳明統爌肉飯","1","台中市東區忠孝路304號","04-2281-2407","service5@service.com.tw","10:30","15:30","16:30","19:30","7","4","https://www.ubereats.com/tw/store/%E9%99%B3%E6%98%8E%E7%B5%B1%E7%88%8C%E8%82%89%E9%A3%AF-%E4%BA%94%E5%8D%81%E5%B9%B4%E8%80%81%E5%BA%97/_TN8mnvcRpWstvOxCSOy5A?utm_campaign=place-action-link&utm_medium=organic&utm_source=google",NULL,"0","0","1","0","0","0",NULL,NULL,"20230419055048"
"42","87291969","九州日式豚骨拉麵","4","404台中市北區三民路三段120巷1號","04-2223-1383","service6@service.com.tw","11:00","20:00",NULL,NULL,"7","8",NULL,"https://www.foodpanda.com.tw/restaurant/ipxh/jiu-zhou-ri-shi-tun-gu-la-mian-tai-zhong-zhong-dian","0","0","0","1","1","1",NULL,NULL,"20230419055048"
"43","87291970","平禄寿司","4","404台中市北區五權路409號","04-2206-9688","service7@service.com.tw","11:00","20:30",NULL,NULL,NULL,"8","https://www.ubereats.com/tw/store/%E5%B9%B3%E7%A6%84%E5%AF%BF%E5%8F%B8/_F5nBCGxSi-VCzrGl71Lkg?diningMode=DELIVERY&ps=1","https://www.foodpanda.com.tw/restaurant/srwc/ping-lu-shou-si","1","1","0","1","1","1",NULL,NULL,"20230419055048"
"44","87291971","祈樂丼飯食堂","1","401台中市東區尚武路17巷8號","0907-097-385","service8@service.com.tw","16:00","00:00",NULL,NULL,"3","8","https://www.ubereats.com/store/%E7%A5%88%E6%A8%82%E4%B8%BC%E9%A3%AF%E9%A3%9F%E5%A0%82/ADXOJlxNU669HmS_XOvlMw?diningMode=DELIVERY&ps=1","https://www.foodpanda.com.tw/restaurant/mnlk/qi-le-jing-fan-shi-tang","0","0","0","1","1","1",NULL,NULL,"20230419055048"
"45","87291972","雞樂炸雞 (台中大智店)","1","401台中市東區大智路53號","04-2227-5252","service9@service.com.tw","15:50","23:59",NULL,NULL,NULL,"10","https://www.ubereats.com/tw/store/%E9%9B%9E%E6%A8%82%E7%82%B8%E9%9B%9E-%E5%A4%A7%E6%99%BA%E5%BA%97/LMcq2cq9QR6-2pLmOEk3XQ?diningMode=DELIVERY&ps=1","https://www.foodpanda.com.tw/restaurant/r2rh/ji-le-zha-ji-tai-zhong-da-zhi-dian","0","0","0","1","1","1",NULL,NULL,"20230419055048"
"46","87291973","想ㄔ 肉蛋吐司","2","403台中市西區中美街440號","0956-067-055","service1@service.com.tw","06:30","12:45",NULL,NULL,"3,4","9","https://www.ubereats.com/tw/store/%E6%83%B3%E3%84%94-%E8%82%89%E8%9B%8B%E5%90%90%E5%8F%B8/iQDxuH1JR9iYSnOnmV2Rqg?diningMode=DELIVERY","https://www.foodpanda.com.tw/restaurant/q7zx/xiang-chrou-dan-tu-si","0","1","0","1","0","0",NULL,NULL,"20230419055048"
"47","87291974","早午餐加油站 GA U x BRUNCH","2","40359台中市西區大忠街34號","04-2471-1107","service2@service.com.tw","06:30","13:30",NULL,NULL,NULL,"9","https://www.ubereats.com/tw/store/%E6%97%A9%E5%8D%88%E9%A4%90%E5%8A%A0%E6%B2%B9%E7%AB%99-ga-u-x-brunch/jhZrx1VWTeemw0CXXiS09w?diningMode=DELIVERY&ps=1","https://www.foodpanda.com.tw/restaurant/pgm4/zao-wu-can-jia-you-zhan","0","1","0","1","0","0",NULL,NULL,"20230419055048"
"48","87291975","巷口炸雞 (美村南店)","3","402台中市南區美村南路68-5號","0983-402-090","service3@service.com.tw","16:00","23:59",NULL,NULL,NULL,"10","https://www.ubereats.com/tw/store/%E5%B7%B7%E5%8F%A3%E7%82%B8%E9%9B%9E%E5%B0%88%E9%96%80%E5%BA%97-%E5%8F%B0%E4%B8%AD%E7%BE%8E%E6%9D%91%E5%8D%97%E5%BA%97/NfaUtUdjUCGUSg_4vbxnBg?diningMode=DELIVERY","https://www.foodpanda.com.tw/restaurant/cjpl/xiang-kou-zha-ji-mei-cun-nan-dian","0","0","0","1","1","1",NULL,NULL,"20230419055048"
"49","87291976","六星炸雞 (台中工學店)","3","402台中市南區工學路32號","04-2263-1851","service4@service.com.tw","11:00","20:00",NULL,NULL,NULL,"10","https://www.ubereats.com/tw/store/%E5%85%AD%E6%98%9F%E7%82%B8%E9%9B%9E-%E5%8F%B0%E4%B8%AD%E5%B7%A5%E5%AD%B8%E5%BA%97/nYCXthhCXnW3Jja6AecSSg?diningMode=PICKUP&","https://www.foodpanda.com.tw/restaurant/jzj5/liu-xing-zha-ji-tai-zhong-gong-xue-dian","0","0","0","1","1","1",NULL,NULL,"20230419055048"
"50","87291977","Apple203 早午餐 台中民權店","5","400台中市中區民權路112號","04-2225-9955","service5@service.com.tw","04:30","13:00",NULL,NULL,"7","9","https://www.ubereats.com/tw/store/apple203-%E6%97%A9%E5%8D%88%E9%A4%90-%E5%8F%B0%E4%B8%AD%E6%B0%91%E6%AC%8A%E5%BA%97/o9OOStuIU6uFoCYxoSfHQw?diningMode=DELIVERY&ps=1","https://www.foodpanda.com.tw/restaurant/ky3t/apple203-zao-wu-can-tai-zhong-min-quan-dian","0","0","0","1","0","0",NULL,NULL,"20230419055048"
"51","87291978","大匠厚切豬排飯","5","400台中市中區中華路一段154巷10號","04-2229-3363","service6@service.com.tw","11:00","14:00","16:00","23:59",NULL,"8","https://www.ubereats.com/tw/store/%E4%B8%AD%E8%8F%AF%E5%A4%9C%E5%B8%82-%E5%A4%A7%E5%8C%A0%E6%97%A5%E5%BC%8F%E5%8E%9A%E5%88%87%E8%B1%AC%E6%8E%92%E9%A3%AF/8iDBsMtAXJ2GXjbRrZXgiA?diningMode=DELIVERY&ps=1","https://www.foodpanda.com.tw/restaurant/polz/da-jiang-hou-qie-zhu-pai-fan","0","1","0","1","1","1",NULL,NULL,"20230419055048"
"52","87291979","不二壽司 / 生魚片","8","404台中市北區北屯路14-7號","04-2234-0469","service7@service.com.tw","11:30","20:30",NULL,NULL,"1","8","https://www.ubereats.com/tw/store/%E4%B8%8D%E4%BA%8C%E5%A3%BD%E5%8F%B8/ieWBWFcZQ1CkR7rGepA56A?diningMode=DELIVERY&ps=1","https://www.foodpanda.com.tw/restaurant/e0rb/bu-er-shou-si-sheng-yu-pian","0","1","0","1","1","1",NULL,NULL,"20230419055048"
"53","87291980","阿蘭雞排 昌平店","8","406台中市北屯區昌平路二段5-21號","09-6325-8760","service8@service.com.tw","18:00","11:59","00:00","02:00","7","10","https://www.ubereats.com/tw/store/%E9%98%BF%E8%98%AD%E9%9B%9E%E6%8E%92-%E6%98%8C%E5%B9%B3%E5%BA%97/fSGpyaGlT-mT9H80bCm9sA?diningMode=DELIVERY&ps=1","https://www.foodpanda.com.tw/restaurant/z6cm/a-lan-ji-pai-tai-zhong-chang-ping-dian","0","0","0","1","0","0",NULL,NULL,"20230419055048"
"54","87291981","他給吐司","6","407038台中市西屯區櫻花路108號","04-2317-0065","service9@service.com.tw","06:30","12:30",NULL,NULL,"7","9","https://www.ubereats.com/tw/store/%E4%BB%96%E7%B5%A6%E5%90%90%E5%8F%B8-%E6%AB%BB%E8%8A%B1%E5%BA%97/_5X67yJiTf-4muNHX0d5DA?diningMode=PICKUP&ps=1","https://www.foodpanda.com.tw/restaurant/vcrb/ta-gei-tu-si-xi-tun-ying-hua-dian","0","0","0","1","1","1",NULL,NULL,"20230419055048"
"55","87291982","初瑟雞排","7","408台中市南屯區黎明路一段1105號","0916-952-697","service1@service.com.tw","15:00","22:00",NULL,NULL,NULL,"10","https://www.ubereats.com/tw/store/%E5%88%9D%E7%91%9F%E9%9B%9E%E6%8E%92/3TKeXH6wTLq010xLA313hg?diningMode=DELIVERY&ps=1","https://www.foodpanda.com.tw/restaurant/z3lm/chu-se-ji-pai","0","0","0","1","0","0",NULL,NULL,"20230419055048"
"56","87291983","Morni莫尼早午餐 大墩店","7","408台中市南屯區大墩十二街121號","04-2320-9058","service2@service.com.tw","06:40","14:00",NULL,NULL,"1","9","https://www.ubereats.com/tw/store/morni%E8%8E%AB%E5%B0%BC%E6%97%A9%E5%8D%88%E9%A4%90-%E5%A4%A7%E5%A2%A9%E5%BA%97/hu-2nZ_3QpG9oQUsLruYPw?diningMode=DELIVERY&ps=1","https://www.foodpanda.com.tw/restaurant/z5nb/mornimo-ni-zao-can-tai-zhong-da-dun-dian","0","1","0","1","1","1",NULL,NULL,"20230419055048"
"57","87291984","Mr.body健身舒肥水煮餐盒 中友店","4","台中市北區錦平街27號","0958-105-168","service3@service.com.tw","11:00","14:00","17:00","19:30","3,7","5","https://www.ubereats.com/tw/store/%E4%B8%80%E4%B8%AD%E5%95%86%E5%9C%88-mrbody%E5%81%A5%E8%BA%AB%E8%88%92%E8%82%A5%E6%B0%B4%E7%85%AE%E9%A4%90%E7%9B%92/aGTlz-AqT2uAd6EAxWfYEA?diningMode=PICKUP&mod=storeDeliveryTime&modctx=%257B%2522entryPoint%2522%253A%2522store-auto-surface%2522%252C%2522encodedStoreUuid%2522%253A%2522aGTlz-AqT2uAd6EAxWfYEA%2522%257D&pl=JTdCJTIyYWRkcmVzcyUyMiUzQSUyMiVFNSVBRiVCNiVFNSVCMSVCMSVFOCVCNyVBRjQyMiVFOCU5OSU5RiUyMiUyQyUyMnJlZmVyZW5jZSUyMiUzQSUyMkVqeE9ieTRnTkRJeUxDQkNZVzl6YUdGdUlGSmtMQ0JGWVhOMElFUnBjM1J5YVdOMExDQkljMmx1WTJoMUlFTnBkSGtzSUZSaGFYZGhiaUF6TURBaVVSSlBDalFLTWdrRDY3S29CelpvTkJGSEp3U1hvTWwyTGhvZUN4RHV3ZTZoQVJvVUNoSUp3Nmk0ZEs4MWFEUVJDUnBJSmpSR1cta01FS1lES2hRS0VnbnQ2NnZWNGpWb05CSHRQUTA0MklYNWlBJTIyJTJDJTIycmVmZXJlbmNlVHlwZSUyMiUzQSUyMmdvb2dsZV9wbGFjZXMlMjIlMkMlMjJsYXRpdHVkZSUyMiUzQTI0Ljc4NDc5ODglMkMlMjJsb25naXR1ZGUlMjIlM0ExMjAuOTg5OTY5NSU3RA%3D%3D&ps=1&utm_campaign=place-action-link&utm_medium=organic&utm_source=google","https://www.foodpanda.com.tw/restaurant/k0c5/mr-bodyjian-shen-shu-fei-shui-zhu-can-he-tai-zhong-zhong-you-dian?utm_source=google&utm_medium=organic&utm_campaign=google_reserve_place_order_action","0","0","0","0","0","0",NULL,NULL,"20230419055048"
"58","87291985","石饕鐵板低卡餐盒坊 逢甲河南店","6","台中市西屯區河南路二段430號","04-2452-2121","service4@service.com.tw","11:00","14:00","17:00","20:00","3,7","5",NULL,"https://www.foodpanda.com.tw/restaurant/seyy/shi-tao-tie-ban-di-qia-can-he-fang-feng-jia-he-nan-dian?utm_source=google&utm_medium=organic&utm_campaign=google_reserve_place_order_action","0","0","0","0","0","0",NULL,NULL,"20230419055048"
"59","87291986","初舞","7","台中市南屯區五權西路二段685號","04-2389-2912","service5@service.com.tw","11:00","14:00","17:00","19:30","7","5","https://www.ubereats.com/tw/store/%E5%88%9D%E8%88%9E%E9%A3%9F%E5%81%A5%E5%BA%B7%E9%A4%90%E7%9B%92-%E8%BC%95%E9%A3%9F/iaq4pWiWWDCcxserqdU6vw?diningMode=DELIVERY&pl=JTdCJTIyYWRkcmVzcyUyMiUzQSUyMiVFNSVBRiVCNiVFNSVCMSVCMSVFOCVCNyVBRjQyMiVFOCU5OSU5RiUyMiUyQyUyMnJlZmVyZW5jZSUyMiUzQSUyMkVqeE9ieTRnTkRJeUxDQkNZVzl6YUdGdUlGSmtMQ0JGWVhOMElFUnBjM1J5YVdOMExDQkljMmx1WTJoMUlFTnBkSGtzSUZSaGFYZGhiaUF6TURBaVVSSlBDalFLTWdrRDY3S29CelpvTkJGSEp3U1hvTWwyTGhvZUN4RHV3ZTZoQVJvVUNoSUp3Nmk0ZEs4MWFEUVJDUnBJSmpSR1cta01FS1lES2hRS0VnbnQ2NnZWNGpWb05CSHRQUTA0MklYNWlBJTIyJTJDJTIycmVmZXJlbmNlVHlwZSUyMiUzQSUyMmdvb2dsZV9wbGFjZXMlMjIlMkMlMjJsYXRpdHVkZSUyMiUzQTI0Ljc4NDc5ODglMkMlMjJsb25naXR1ZGUlMjIlM0ExMjAuOTg5OTY5NSU3RA%3D%3D&utm_campaign=place-action-link&utm_medium=organic&utm_source=google","https://www.foodpanda.com.tw/restaurant/ssgd/chu-wu-shi-jian-kang-can-he-qing-shi?utm_source=google&utm_medium=organic&utm_campaign=google_reserve_place_order_action","0","0","0","0","1","1",NULL,NULL,"20230419055048"
"60","87291987","裏享餐盒","3","台中市南區東興路一段32號","04-2261-8889","service6@service.com.tw","11:00","14:00","16:40","19:30",NULL,"5","https://www.ubereats.com/tw/store/%E8%A3%8F%E4%BA%AB%E9%A4%90%E7%9B%92/YmAsGV5qXhWV9hyeFqrlHg?diningMode=DELIVERY&pl=JTdCJTIyYWRkcmVzcyUyMiUzQSUyMiVFNSVBRiVCNiVFNSVCMSVCMSVFOCVCNyVBRjQyMiVFOCU5OSU5RiUyMiUyQyUyMnJlZmVyZW5jZSUyMiUzQSUyMkVqeE9ieTRnTkRJeUxDQkNZVzl6YUdGdUlGSmtMQ0JGWVhOMElFUnBjM1J5YVdOMExDQkljMmx1WTJoMUlFTnBkSGtzSUZSaGFYZGhiaUF6TURBaVVSSlBDalFLTWdrRDY3S29CelpvTkJGSEp3U1hvTWwyTGhvZUN4RHV3ZTZoQVJvVUNoSUp3Nmk0ZEs4MWFEUVJDUnBJSmpSR1cta01FS1lES2hRS0VnbnQ2NnZWNGpWb05CSHRQUTA0MklYNWlBJTIyJTJDJTIycmVmZXJlbmNlVHlwZSUyMiUzQSUyMmdvb2dsZV9wbGFjZXMlMjIlMkMlMjJsYXRpdHVkZSUyMiUzQTI0Ljc4NDc5ODglMkMlMjJsb25naXR1ZGUlMjIlM0ExMjAuOTg5OTY5NSU3RA%3D%3D&utm_campaign=place-action-link&utm_medium=organic&utm_source=google","https://www.foodpanda.com.tw/restaurant/b5aw/li-xiang-can-he?utm_source=google&utm_medium=organic&utm_campaign=google_reserve_place_order_action","0","0","0","0","1","1",NULL,NULL,"20230419055048"
"61","87291988","隨主飡法式水煮專賣低卡輕食餐盒 (台中北屯店)","8","台中市北屯區北平路三段12號","0907-007-001","service7@service.com.tw","11:00","14:00","16:00","20:00","7","5","https://www.ubereats.com/tw/store/%E9%9A%A8%E4%B8%BB%E9%A3%A1%E6%B3%95%E5%BC%8F%E6%B0%B4%E7%85%AE%E5%B0%88%E8%B3%A3-%E5%8C%97%E5%B1%AF%E5%BA%97/TDKkjqFeSC2El9MTyFhCRQ?diningMode=PICKUP&pl=JTdCJTIyYWRkcmVzcyUyMiUzQSUyMiVFNSVBRiVCNiVFNSVCMSVCMSVFOCVCNyVBRjQyMiVFOCU5OSU5RiUyMiUyQyUyMnJlZmVyZW5jZSUyMiUzQSUyMkVqeE9ieTRnTkRJeUxDQkNZVzl6YUdGdUlGSmtMQ0JGWVhOMElFUnBjM1J5YVdOMExDQkljMmx1WTJoMUlFTnBkSGtzSUZSaGFYZGhiaUF6TURBaVVSSlBDalFLTWdrRDY3S29CelpvTkJGSEp3U1hvTWwyTGhvZUN4RHV3ZTZoQVJvVUNoSUp3Nmk0ZEs4MWFEUVJDUnBJSmpSR1cta01FS1lES2hRS0VnbnQ2NnZWNGpWb05CSHRQUTA0MklYNWlBJTIyJTJDJTIycmVmZXJlbmNlVHlwZSUyMiUzQSUyMmdvb2dsZV9wbGFjZXMlMjIlMkMlMjJsYXRpdHVkZSUyMiUzQTI0Ljc4NDc5ODglMkMlMjJsb25naXR1ZGUlMjIlM0ExMjAuOTg5OTY5NSU3RA%3D%3D&utm_campaign=place-action-link&utm_medium=organic&utm_source=google","https://www.foodpanda.com.tw/restaurant/nvah/sui-zhu-can-fa-shi-shui-zhu-zhuan-mai-di-qia-qing-shi-can-he-tai-zhong-bei-tun-dian?utm_source=google&utm_medium=organic&utm_campaign=google_reserve_place_order_action","0","0","0","1","1","1",NULL,NULL,"20230419055048"
"62","87291989","NENE CHICKEN 中山醫大店","3","台中市南區建國北路一段110號","04-2471-8886","service8@service.com.tw","11:00","20:00",NULL,NULL,NULL,"7","https://www.ubereats.com/tw/store/nene-chicken-%E4%B8%AD%E5%B1%B1%E9%86%AB%E5%A4%A7%E5%BA%97/3Olxk5uxWn6lC4SkTX-6jA?diningMode=DELIVERY&pl=JTdCJTIyYWRkcmVzcyUyMiUzQSUyMiVFNSVBRiVCNiVFNSVCMSVCMSVFOCVCNyVBRjQyMiVFOCU5OSU5RiUyMiUyQyUyMnJlZmVyZW5jZSUyMiUzQSUyMkVqeE9ieTRnTkRJeUxDQkNZVzl6YUdGdUlGSmtMQ0JGWVhOMElFUnBjM1J5YVdOMExDQkljMmx1WTJoMUlFTnBkSGtzSUZSaGFYZGhiaUF6TURBaVVSSlBDalFLTWdrRDY3S29CelpvTkJGSEp3U1hvTWwyTGhvZUN4RHV3ZTZoQVJvVUNoSUp3Nmk0ZEs4MWFEUVJDUnBJSmpSR1cta01FS1lES2hRS0VnbnQ2NnZWNGpWb05CSHRQUTA0MklYNWlBJTIyJTJDJTIycmVmZXJlbmNlVHlwZSUyMiUzQSUyMmdvb2dsZV9wbGFjZXMlMjIlMkMlMjJsYXRpdHVkZSUyMiUzQTI0Ljc4NDc5ODglMkMlMjJsb25naXR1ZGUlMjIlM0ExMjAuOTg5OTY5NSU3RA%3D%3D&utm_campaign=place-action-link&utm_medium=organic&utm_source=google",NULL,"1","1","0","1","1","1",NULL,NULL,"20230419055048"
"63","87291990","閣樓1981韓式炸雞","2","台中市西區公正路187號","04-2301-0832","service9@service.com.tw","14:30","22:00",NULL,NULL,"1,2","7","https://www.ubereats.com/tw/store/%E9%96%A3%E6%A8%931981%E9%9F%93%E5%BC%8F%E7%82%B8%E9%9B%9E/DwGW3D5dSAenO43dnulTyQ?diningMode=DELIVERY&pl=JTdCJTIyYWRkcmVzcyUyMiUzQSUyMiVFNSVBRiVCNiVFNSVCMSVCMSVFOCVCNyVBRjQyMiVFOCU5OSU5RiUyMiUyQyUyMnJlZmVyZW5jZSUyMiUzQSUyMkVqeE9ieTRnTkRJeUxDQkNZVzl6YUdGdUlGSmtMQ0JGWVhOMElFUnBjM1J5YVdOMExDQkljMmx1WTJoMUlFTnBkSGtzSUZSaGFYZGhiaUF6TURBaVVSSlBDalFLTWdrRDY3S29CelpvTkJGSEp3U1hvTWwyTGhvZUN4RHV3ZTZoQVJvVUNoSUp3Nmk0ZEs4MWFEUVJDUnBJSmpSR1cta01FS1lES2hRS0VnbnQ2NnZWNGpWb05CSHRQUTA0MklYNWlBJTIyJTJDJTIycmVmZXJlbmNlVHlwZSUyMiUzQSUyMmdvb2dsZV9wbGFjZXMlMjIlMkMlMjJsYXRpdHVkZSUyMiUzQTI0Ljc4NDc5ODglMkMlMjJsb25naXR1ZGUlMjIlM0ExMjAuOTg5OTY5NSU3RA%3D%3D&utm_campaign=place-action-link&utm_medium=organic&utm_source=google","https://www.foodpanda.com.tw/restaurant/lmej/ge-lou-1981han-shi-zha-ji?utm_source=google&utm_medium=organic&utm_campaign=google_reserve_place_order_action","0","0","0","0","0","0",NULL,NULL,"20230419055048"
"64","87291991","朴大哥的韓式炸雞-一中直營店","4","台中市北區三民路三段60號","04-2229-6551","service1@service.com.tw","14:00","22:00",NULL,NULL,NULL,"7","https://www.ubereats.com/tw/store/%E6%9C%B4%E5%A4%A7%E5%93%A5%E7%9A%84%E9%9F%93%E5%BC%8F%E7%82%B8%E9%9B%9E-%E4%B8%80%E4%B8%AD%E5%BA%97/wjW6a4AUQlqRyjZeEfl3Lw?diningMode=DELIVERY&pl=JTdCJTIyYWRkcmVzcyUyMiUzQSUyMiVFNSVBRiVCNiVFNSVCMSVCMSVFOCVCNyVBRjQyMiVFOCU5OSU5RiUyMiUyQyUyMnJlZmVyZW5jZSUyMiUzQSUyMkVqeE9ieTRnTkRJeUxDQkNZVzl6YUdGdUlGSmtMQ0JGWVhOMElFUnBjM1J5YVdOMExDQkljMmx1WTJoMUlFTnBkSGtzSUZSaGFYZGhiaUF6TURBaVVSSlBDalFLTWdrRDY3S29CelpvTkJGSEp3U1hvTWwyTGhvZUN4RHV3ZTZoQVJvVUNoSUp3Nmk0ZEs4MWFEUVJDUnBJSmpSR1cta01FS1lES2hRS0VnbnQ2NnZWNGpWb05CSHRQUTA0MklYNWlBJTIyJTJDJTIycmVmZXJlbmNlVHlwZSUyMiUzQSUyMmdvb2dsZV9wbGFjZXMlMjIlMkMlMjJsYXRpdHVkZSUyMiUzQTI0Ljc4NDc5ODglMkMlMjJsb25naXR1ZGUlMjIlM0ExMjAuOTg5OTY5NSU3RA%3D%3D&utm_campaign=place-action-link&utm_medium=organic&utm_source=google","https://www.foodpanda.com.tw/restaurant/mqjd/po-da-ge-de-han-shi-zha-ji-tai-zhong-zhong-dian?utm_source=google&utm_medium=organic&utm_campaign=google_reserve_place_order_action","0","0","0","1","1","1",NULL,NULL,"20230419055048"
"65","87291992","宅樂咖啡 大墩店","7","台中市南屯區大墩十一街154號","04-2320-7989","service2@service.com.tw","10:00","18:00",NULL,NULL,NULL,"6","https://www.ubereats.com/tw/store/zeller-coffee-%E5%AE%85%E6%A8%82%E5%92%96%E5%95%A1/tElCXhgfQRC1E5JCjgKb_Q?diningMode=PICKUP&pl=JTdCJTIyYWRkcmVzcyUyMiUzQSUyMiVFNSVBRiVCNiVFNSVCMSVCMSVFOCVCNyVBRjQyMiVFOCU5OSU5RiUyMiUyQyUyMnJlZmVyZW5jZSUyMiUzQSUyMkVqeE9ieTRnTkRJeUxDQkNZVzl6YUdGdUlGSmtMQ0JGWVhOMElFUnBjM1J5YVdOMExDQkljMmx1WTJoMUlFTnBkSGtzSUZSaGFYZGhiaUF6TURBaVVSSlBDalFLTWdrRDY3S29CelpvTkJGSEp3U1hvTWwyTGhvZUN4RHV3ZTZoQVJvVUNoSUp3Nmk0ZEs4MWFEUVJDUnBJSmpSR1cta01FS1lES2hRS0VnbnQ2NnZWNGpWb05CSHRQUTA0MklYNWlBJTIyJTJDJTIycmVmZXJlbmNlVHlwZSUyMiUzQSUyMmdvb2dsZV9wbGFjZXMlMjIlMkMlMjJsYXRpdHVkZSUyMiUzQTI0Ljc4NDc5ODglMkMlMjJsb25naXR1ZGUlMjIlM0ExMjAuOTg5OTY5NSU3RA%3D%3D&utm_campaign=place-action-link&utm_medium=organic&utm_source=google",NULL,"0","0","0","1","1","1",NULL,NULL,"20230419055048"
"66","87291993","黑浮咖啡 台中崇德店","8","台中市北屯區崇德路三段207號","04-2422-0302","service3@service.com.tw","11:00","21:00",NULL,NULL,NULL,"6","https://www.ubereats.com/tw/store/zeller-coffee-%E5%AE%85%E6%A8%82%E5%92%96%E5%95%A1/tElCXhgfQRC1E5JCjgKb_Q?diningMode=PICKUP&pl=JTdCJTIyYWRkcmVzcyUyMiUzQSUyMiVFNSVBRiVCNiVFNSVCMSVCMSVFOCVCNyVBRjQyMiVFOCU5OSU5RiUyMiUyQyUyMnJlZmVyZW5jZSUyMiUzQSUyMkVqeE9ieTRnTkRJeUxDQkNZVzl6YUdGdUlGSmtMQ0JGWVhOMElFUnBjM1J5YVdOMExDQkljMmx1WTJoMUlFTnBkSGtzSUZSaGFYZGhiaUF6TURBaVVSSlBDalFLTWdrRDY3S29CelpvTkJGSEp3U1hvTWwyTGhvZUN4RHV3ZTZoQVJvVUNoSUp3Nmk0ZEs4MWFEUVJDUnBJSmpSR1cta01FS1lES2hRS0VnbnQ2NnZWNGpWb05CSHRQUTA0MklYNWlBJTIyJTJDJTIycmVmZXJlbmNlVHlwZSUyMiUzQSUyMmdvb2dsZV9wbGFjZXMlMjIlMkMlMjJsYXRpdHVkZSUyMiUzQTI0Ljc4NDc5ODglMkMlMjJsb25naXR1ZGUlMjIlM0ExMjAuOTg5OTY5NSU3RA%3D%3D&utm_campaign=place-action-link&utm_medium=organic&utm_source=google","https://www.foodpanda.com.tw/restaurant/e3fy/hei-fu-ka-pei-tai-zhong-chong-de-dian?utm_source=google&utm_medium=organic&utm_campaign=google_reserve_place_order_action","0","0","0","1","1","1",NULL,NULL,"20230419055048"
"67","87291994","mirror cafe競子咖啡","2","台中市西區模範街23巷3號","04-2305-5747","service4@service.com.tw","10:00","18:00",NULL,NULL,"2,3,7","6","https://www.ubereats.com/tw/store/mirror-cafe%E7%AB%B6%E5%AD%90%E5%92%96%E5%95%A1/3-ASqiIKT6qCG82Ka3cjDg?diningMode=DELIVERY&pl=JTdCJTIyYWRkcmVzcyUyMiUzQSUyMiVFNSVBRiVCNiVFNSVCMSVCMSVFOCVCNyVBRjQyMiVFOCU5OSU5RiUyMiUyQyUyMnJlZmVyZW5jZSUyMiUzQSUyMkVqeE9ieTRnTkRJeUxDQkNZVzl6YUdGdUlGSmtMQ0JGWVhOMElFUnBjM1J5YVdOMExDQkljMmx1WTJoMUlFTnBkSGtzSUZSaGFYZGhiaUF6TURBaVVSSlBDalFLTWdrRDY3S29CelpvTkJGSEp3U1hvTWwyTGhvZUN4RHV3ZTZoQVJvVUNoSUp3Nmk0ZEs4MWFEUVJDUnBJSmpSR1cta01FS1lES2hRS0VnbnQ2NnZWNGpWb05CSHRQUTA0MklYNWlBJTIyJTJDJTIycmVmZXJlbmNlVHlwZSUyMiUzQSUyMmdvb2dsZV9wbGFjZXMlMjIlMkMlMjJsYXRpdHVkZSUyMiUzQTI0Ljc4NDc5ODglMkMlMjJsb25naXR1ZGUlMjIlM0ExMjAuOTg5OTY5NSU3RA%3D%3D&utm_campaign=place-action-link&utm_medium=organic&utm_source=google",NULL,"0","0","0","1","1","1",NULL,NULL,"20230419055048"
"68","87291995","KATZ 卡司 · 新時代大魯閣 (韓藝料理)","1","台中市東區復興路四段186號7樓","04-2228-7786","service5@service.com.tw","11:00","22:00",NULL,NULL,NULL,"7",NULL,"https://www.foodpanda.com.tw/restaurant/dx4c/katz-qia-si-han-yi-liao-li-da-lu-ge-xin-shi-dai-dian?utm_source=google&utm_medium=organic&utm_campaign=google_reserve_place_order_action","1","1","0","1","1","1",NULL,NULL,"20230419055048"
"69","87291996","成真咖啡台中新時代店","1","台中市東區復興路四段186號","04-2227-6696","service6@service.com.tw","10:00","22:00",NULL,NULL,NULL,"6","https://www.ubereats.com/tw/store/%E6%88%90%E7%9C%9F%E5%92%96%E5%95%A1-%E5%8F%B0%E4%B8%AD%E6%96%B0%E6%99%82%E4%BB%A3%E5%BA%97/Kjw9kpHdQ5KnWYzL3KNu9A?pl=JTdCJTIyYWRkcmVzcyUyMiUzQSUyMiVFNSVBRiVCNiVFNSVCMSVCMSVFOCVCNyVBRjQyMiVFOCU5OSU5RiUyMiUyQyUyMnJlZmVyZW5jZSUyMiUzQSUyMkVqeE9ieTRnTkRJeUxDQkNZVzl6YUdGdUlGSmtMQ0JGWVhOMElFUnBjM1J5YVdOMExDQkljMmx1WTJoMUlFTnBkSGtzSUZSaGFYZGhiaUF6TURBaVVSSlBDalFLTWdrRDY3S29CelpvTkJGSEp3U1hvTWwyTGhvZUN4RHV3ZTZoQVJvVUNoSUp3Nmk0ZEs4MWFEUVJDUnBJSmpSR1cta01FS1lES2hRS0VnbnQ2NnZWNGpWb05CSHRQUTA0MklYNWlBJTIyJTJDJTIycmVmZXJlbmNlVHlwZSUyMiUzQSUyMmdvb2dsZV9wbGFjZXMlMjIlMkMlMjJsYXRpdHVkZSUyMiUzQTI0Ljc4NDc5ODglMkMlMjJsb25naXR1ZGUlMjIlM0ExMjAuOTg5OTY5NSU3RA%3D%3D&utm_campaign=place-action-link&utm_medium=organic&utm_source=google","https://www.foodpanda.com.tw/restaurant/e2sn/cheng-zhen-ka-pei-tai-zhong-xin-shi-dai-dian?utm_source=google&utm_medium=organic&utm_campaign=google_reserve_place_order_action","1","1","0","1","1","1",NULL,NULL,"20230419055048"
"70","87291997","Gang Nam 首爾韓鍋","6","台中市西屯區福星路591號","04-2451-0538","service7@service.com.tw","11:30","14:30","17:00","21:30",NULL,"7",NULL,"https://www.foodpanda.com.tw/restaurant/w3nd/gang-nam-shou-er-han-guo?utm_source=google&utm_medium=organic&utm_campaign=google_reserve_place_order_action","0","0","0","1","1","1",NULL,NULL,"20230419055048"
"71","87291998","阿二靚鍋","4","404台中市北區健行路449號","04-2203-3997","service8@service.com.tw","11:30","14:30","17:00","22:30",NULL,"11","https://reurl.cc/a1EOOZ",NULL,"0","1","0","1","1","1",NULL,NULL,"20230419055048"
"72","87291999","森鄰鍋物","4","404台中市北區中清路一段238號","04-2203-0109","service9@service.com.tw","11:00","14:00","17:00","22:00","1","11","https://reurl.cc/OVQljv","https://reurl.cc/3Oy0ej","0","1","0","1","1","1",NULL,NULL,"20230419055048"
"73","87292000","出雲鍋物","4","404台中市北區崇德路一段260號","04-2235-0329","service1@service.com.tw","11:30","23:00",NULL,NULL,NULL,"11",NULL,"https://reurl.cc/eXQeMx","0","1","0","1","1","1",NULL,NULL,"20230419055048"
"74","87292001","久久火鍋","4","404台中市北區德化街289號永興街旁","04-2235-6676","service2@service.com.tw","17:00","01:00",NULL,NULL,"3","11",NULL,"https://reurl.cc/rLkmAb","0","1","0","1","1","1",NULL,NULL,"20230419055048"
"75","87292002","大苑子 台中學士店","4","40454台中市北區學士路152號","04-2233-3020","service3@service.com.tw","10:00","21:00",NULL,NULL,NULL,"12","https://reurl.cc/9VxaXO","https://reurl.cc/qko68g","0","0","0","0","1","1",NULL,NULL,"20230419055048"
"76","87292003","水巷茶弄-台中一中店","1","404台中市北區育才街6巷2-1號","04-2225-3962","service4@service.com.tw","10:30","22:30",NULL,NULL,NULL,"12","https://reurl.cc/MR9VZ4","https://reurl.cc/3OR9Nj","0","0","0","0","1","1",NULL,NULL,"20230419055048"
"77","87292004","胖老爹美式炸雞","1","40142台中市東區精武路37-6號","0968-065-966","service5@service.com.tw","15:00","00:00",NULL,NULL,"1","13","https://reurl.cc/Rv8mkz","https://reurl.cc/MR9VzX","0","0","0","0","1","1",NULL,NULL,"20230419055048"
"78","87292005","石研室 台式爆炒石頭火鍋 - 台中勤美店","2","403台中市西區公正路99號","04-2302-0067","service6@service.com.tw","11:30","23:00",NULL,NULL,NULL,"11","https://reurl.cc/d79AzD","https://reurl.cc/vkoA3e","0","1","0","1","1","1",NULL,NULL,"20230419055048"
"79","87292006","小佐お茶作 向上店","2","403台中市西區向上路一段138-2號","04-2301-2257","service7@service.com.tw","10:00","20:00",NULL,NULL,NULL,"12","https://reurl.cc/0EQRzl","https://reurl.cc/Y8GplD","0","0","0","0","1","1",NULL,NULL,"20230419055048"
"80","87292007","神串串燒精誠店","2","403台中市西區精誠路380號","04-2472-2050","service8@service.com.tw","17:30","01:30",NULL,NULL,NULL,"13","https://reurl.cc/Q4mxLM",NULL,"0","0","0","0","1","1",NULL,NULL,"20230419055048"
"81","87292008","店小二串燒棧","2","40361台中市西區忠明南路229號","04-2305-5225","service9@service.com.tw","18:00","03:30",NULL,NULL,NULL,"13","https://reurl.cc/V87lRR",NULL,"0","0","0","1","1","1",NULL,NULL,"20230419055048"
"82","87292009","茶湯會 工學店","3","402台中市南區工學路26號","04-2263-6608","service1@service.com.tw","10:00","20:00",NULL,NULL,NULL,"12","https://reurl.cc/OVzg7A","https://reurl.cc/Rv8gnn","0","0","0","0","1","1",NULL,NULL,"20230419055048"
"83","87292010","王將藥燉排骨","3","402台中市南區美村路二段165號","0979-677-771","service2@service.com.tw","17:00","04:00",NULL,NULL,NULL,"13","https://reurl.cc/rLoA91","https://reurl.cc/Y8GpEO","0","0","0","0","1","1",NULL,NULL,"20230419055048"
"84","87292011","八方悅鍋物-台中成功店","5","400台中市中區成功路358號1樓","04-2229-7979","service3@service.com.tw","12:00","22:00",NULL,NULL,NULL,"11",NULL,"https://reurl.cc/MR9LnK","0","0","0","1","1","1",NULL,NULL,"20230419055048"
"85","87292012","9PM 玖點","5","400台中市中區臺灣大道一段191號","0909-009-409","service4@service.com.tw","21:00","02:00",NULL,NULL,"3","13","https://reurl.cc/eXnAGR",NULL,"0","1","0","0","1","1",NULL,NULL,"20230419055048"
"86","87292013","TEA TOP第一味 昌平二店","8","406台中市北屯區昌平路二段12-3號","04-2247-1606","service5@service.com.tw","09:00","22:00",NULL,NULL,NULL,"12","https://reurl.cc/Y8Gp9l","https://reurl.cc/ykoGe2","0","0","0","0","1","1",NULL,NULL,"20230419055048"
"87","87292014","巷口炸雞台中北屯總店","8","40652台中市北屯區昌平路一段123號","0920-458-139","service6@service.com.tw","16:00","00:15",NULL,NULL,NULL,"13","https://reurl.cc/klkgab","https://reurl.cc/zAoE67","0","0","0","0","1","1",NULL,NULL,"20230419055048"
"88","87292015","大業永和豆漿","6","407台中市西屯區寧夏路109號","04-2315-5855","service7@service.com.tw","17:00","11:00",NULL,NULL,NULL,"13","https://reurl.cc/zAoEY7","https://reurl.cc/qko6Lp","0","0","0","0","1","1",NULL,NULL,"20230419055048"
"89","87292016","麻角小鍋","6","407台中市西屯區上仁街153號","04-2452-2438","service8@service.com.tw","11:30","21:30",NULL,NULL,"2,3","11",NULL,"https://reurl.cc/OVzL9R","0","0","0","0","1","1",NULL,NULL,"20230419055048"
"90","87292017","青花驕麻辣鍋 台中公益店","7","40844台中市南屯區公益路二段722號","04-2255-3970","service9@service.com.tw","11:30","01:00",NULL,NULL,NULL,"11","https://reurl.cc/qko4eR",NULL,"0","1","0","1","1","1",NULL,NULL,"20230419055048"
"91","87292018","【墨】 串燒居酒屋","7","408台中市南屯區永春東一路799號","04-2382-3212","service1@service.com.tw","20:00","05:00",NULL,NULL,NULL,"13","https://reurl.cc/zAoEQk","https://reurl.cc/Rv8m2D","0","1","0","1","1","1",NULL,NULL,"20230419055048"
"92","87292019","宮原眼科","5","台中市中區中山路20號","04-2227-1927","service2@service.com.tw","10:00","21:00",NULL,NULL,NULL,"6",NULL,NULL,"0","0","0","1","1","1",NULL,NULL,"20230419055048"